{"cameraMode":{"drawMode":0,"name":"Shaded","section":"Shading Mode"},"sceneLighting":true,"audioPlay":false,"sceneViewState":{"m_AlwaysRefresh":false,"showFog":true,"showSkybox":true,"showFlares":true,"showImageEffects":true,"showParticleSystems":true,"showVisualEffectGraphs":true,"m_FxEnabled":true},"in2DMode":false,"pivot":{"x":0.4458451271057129,"y":15.907978057861329,"z":11.261375427246094},"rotation":{"x":0.19846901297569276,"y":0.017004555091261865,"z":-0.0035161739215254785,"w":0.9800399541854858},"size":1193.632080078125,"orthographic":false}